skenario,n,m,algoritma,ulangan,waktu_detik,total_bobot
jarang,4000,12000,Kruskal,1,0.016891,783177522
jarang,4000,12000,Prim,1,0.037272,783177522
jarang,4000,12000,Prim (+konversi),1,0.047383,783177522
jarang,4000,12000,Borůvka,1,0.084552,783177522
jarang,4000,12000,Kruskal,2,0.029218,783177522
jarang,4000,12000,Prim,2,0.025547,783177522
jarang,4000,12000,Prim (+konversi),2,0.034965,783177522
jarang,4000,12000,Borůvka,2,0.083526,783177522
jarang,4000,12000,Kruskal,3,0.021444,783177522
jarang,4000,12000,Prim,3,0.023636,783177522
jarang,4000,12000,Prim (+konversi),3,0.033921,783177522
jarang,4000,12000,Borůvka,3,0.087892,783177522
jarang,4000,12000,Kruskal,4,0.024093,783177522
jarang,4000,12000,Prim,4,0.029177,783177522
jarang,4000,12000,Prim (+konversi),4,0.040701,783177522
jarang,4000,12000,Borůvka,4,0.079238,783177522
jarang,4000,12000,Kruskal,5,0.025040,783177522
jarang,4000,12000,Prim,5,0.018093,783177522
jarang,4000,12000,Prim (+konversi),5,0.028370,783177522
jarang,4000,12000,Borůvka,5,0.075895,783177522
jarang,8000,24000,Kruskal,1,0.102209,1560672425
jarang,8000,24000,Prim,1,0.126160,1560672425
jarang,8000,24000,Prim (+konversi),1,0.170312,1560672425
jarang,8000,24000,Borůvka,1,0.203789,1560672425
jarang,8000,24000,Kruskal,2,0.034974,1560672425
jarang,8000,24000,Prim,2,0.042769,1560672425
jarang,8000,24000,Prim (+konversi),2,0.057325,1560672425
jarang,8000,24000,Borůvka,2,0.263158,1560672425
jarang,8000,24000,Kruskal,3,0.087244,1560672425
jarang,8000,24000,Prim,3,0.082986,1560672425
jarang,8000,24000,Prim (+konversi),3,0.113175,1560672425
jarang,8000,24000,Borůvka,3,0.294001,1560672425
jarang,8000,24000,Kruskal,4,0.094371,1560672425
jarang,8000,24000,Prim,4,0.103935,1560672425
jarang,8000,24000,Prim (+konversi),4,0.145654,1560672425
jarang,8000,24000,Borůvka,4,0.238377,1560672425
jarang,8000,24000,Kruskal,5,0.049601,1560672425
jarang,8000,24000,Prim,5,0.041380,1560672425
jarang,8000,24000,Prim (+konversi),5,0.066329,1560672425
jarang,8000,24000,Borůvka,5,0.184150,1560672425
jarang,16000,48000,Kruskal,1,0.095101,3138306066
jarang,16000,48000,Prim,1,0.111834,3138306066
jarang,16000,48000,Prim (+konversi),1,0.143963,3138306066
jarang,16000,48000,Borůvka,1,0.456535,3138306066
jarang,16000,48000,Kruskal,2,0.107491,3138306066
jarang,16000,48000,Prim,2,0.118633,3138306066
jarang,16000,48000,Prim (+konversi),2,0.153275,3138306066
jarang,16000,48000,Borůvka,2,0.453060,3138306066
jarang,16000,48000,Kruskal,3,0.096267,3138306066
jarang,16000,48000,Prim,3,0.115635,3138306066
jarang,16000,48000,Prim (+konversi),3,0.152811,3138306066
jarang,16000,48000,Borůvka,3,0.384655,3138306066
jarang,16000,48000,Kruskal,4,0.096256,3138306066
jarang,16000,48000,Prim,4,0.169878,3138306066
jarang,16000,48000,Prim (+konversi),4,0.207957,3138306066
jarang,16000,48000,Borůvka,4,0.540458,3138306066
jarang,16000,48000,Kruskal,5,0.159603,3138306066
jarang,16000,48000,Prim,5,0.186326,3138306066
jarang,16000,48000,Prim (+konversi),5,0.236187,3138306066
jarang,16000,48000,Borůvka,5,0.543631,3138306066
jarang,32000,96000,Kruskal,1,0.311204,6302345581
jarang,32000,96000,Prim,1,0.316005,6302345581
jarang,32000,96000,Prim (+konversi),1,0.418449,6302345581
jarang,32000,96000,Borůvka,1,1.005355,6302345581
jarang,32000,96000,Kruskal,2,0.239347,6302345581
jarang,32000,96000,Prim,2,0.301609,6302345581
jarang,32000,96000,Prim (+konversi),2,0.397131,6302345581
jarang,32000,96000,Borůvka,2,0.973681,6302345581
jarang,32000,96000,Kruskal,3,0.281941,6302345581
jarang,32000,96000,Prim,3,0.464877,6302345581
jarang,32000,96000,Prim (+konversi),3,0.552898,6302345581
jarang,32000,96000,Borůvka,3,1.304522,6302345581
jarang,32000,96000,Kruskal,4,0.315535,6302345581
jarang,32000,96000,Prim,4,0.269874,6302345581
jarang,32000,96000,Prim (+konversi),4,0.373732,6302345581
jarang,32000,96000,Borůvka,4,0.976437,6302345581
jarang,32000,96000,Kruskal,5,0.215895,6302345581
jarang,32000,96000,Prim,5,0.370675,6302345581
jarang,32000,96000,Prim (+konversi),5,0.441303,6302345581
jarang,32000,96000,Borůvka,5,2.414682,6302345581
jarang,64000,192000,Kruskal,1,0.791774,12560443276
jarang,64000,192000,Prim,1,1.131902,12560443276
jarang,64000,192000,Prim (+konversi),1,1.660081,12560443276
jarang,64000,192000,Borůvka,1,3.175878,12560443276
jarang,64000,192000,Kruskal,2,0.773009,12560443276
jarang,64000,192000,Prim,2,0.830476,12560443276
jarang,64000,192000,Prim (+konversi),2,1.117409,12560443276
jarang,64000,192000,Borůvka,2,3.003455,12560443276
jarang,64000,192000,Kruskal,3,0.585571,12560443276
jarang,64000,192000,Prim,3,0.858029,12560443276
jarang,64000,192000,Prim (+konversi),3,1.184034,12560443276
jarang,64000,192000,Borůvka,3,4.069245,12560443276
jarang,64000,192000,Kruskal,4,0.805769,12560443276
jarang,64000,192000,Prim,4,1.046902,12560443276
jarang,64000,192000,Prim (+konversi),4,1.531262,12560443276
jarang,64000,192000,Borůvka,4,2.473046,12560443276
jarang,64000,192000,Kruskal,5,0.639908,12560443276
jarang,64000,192000,Prim,5,0.926800,12560443276
jarang,64000,192000,Prim (+konversi),5,1.429506,12560443276
jarang,64000,192000,Borůvka,5,3.915921,12560443276
padat,200,9950,Kruskal,1,0.008240,2327241
padat,200,9950,Prim,1,0.011544,2327241
padat,200,9950,Prim (+konversi),1,0.016057,2327241
padat,200,9950,Borůvka,1,0.036304,2327241
padat,200,9950,Kruskal,2,0.007108,2327241
padat,200,9950,Prim,2,0.006631,2327241
padat,200,9950,Prim (+konversi),2,0.012661,2327241
padat,200,9950,Borůvka,2,0.038276,2327241
padat,200,9950,Kruskal,3,0.013818,2327241
padat,200,9950,Prim,3,0.009115,2327241
padat,200,9950,Prim (+konversi),3,0.013509,2327241
padat,200,9950,Borůvka,3,0.039502,2327241
padat,200,9950,Kruskal,4,0.010026,2327241
padat,200,9950,Prim,4,0.010713,2327241
padat,200,9950,Prim (+konversi),4,0.017005,2327241
padat,200,9950,Borůvka,4,0.038892,2327241
padat,200,9950,Kruskal,5,0.010055,2327241
padat,200,9950,Prim,5,0.009219,2327241
padat,200,9950,Prim (+konversi),5,0.016234,2327241
padat,200,9950,Borůvka,5,0.040731,2327241
padat,400,39900,Kruskal,1,0.076345,2172347
padat,400,39900,Prim,1,0.056960,2172347
padat,400,39900,Prim (+konversi),1,0.087533,2172347
padat,400,39900,Borůvka,1,0.246700,2172347
padat,400,39900,Kruskal,2,0.071550,2172347
padat,400,39900,Prim,2,0.048792,2172347
padat,400,39900,Prim (+konversi),2,0.079722,2172347
padat,400,39900,Borůvka,2,0.212062,2172347
padat,400,39900,Kruskal,3,0.048707,2172347
padat,400,39900,Prim,3,0.039265,2172347
padat,400,39900,Prim (+konversi),3,0.058213,2172347
padat,400,39900,Borůvka,3,0.212137,2172347
padat,400,39900,Kruskal,4,0.054045,2172347
padat,400,39900,Prim,4,0.039205,2172347
padat,400,39900,Prim (+konversi),4,0.063180,2172347
padat,400,39900,Borůvka,4,0.214759,2172347
padat,400,39900,Kruskal,5,0.054764,2172347
padat,400,39900,Prim,5,0.039627,2172347
padat,400,39900,Prim (+konversi),5,0.061695,2172347
padat,400,39900,Borůvka,5,0.211979,2172347
padat,600,89850,Kruskal,1,0.230517,2423168
padat,600,89850,Prim,1,0.155533,2423168
padat,600,89850,Prim (+konversi),1,0.265470,2423168
padat,600,89850,Borůvka,1,0.589385,2423168
padat,600,89850,Kruskal,2,0.257504,2423168
padat,600,89850,Prim,2,0.159714,2423168
padat,600,89850,Prim (+konversi),2,0.241875,2423168
padat,600,89850,Borůvka,2,0.612249,2423168
padat,600,89850,Kruskal,3,0.164098,2423168
padat,600,89850,Prim,3,0.104391,2423168
padat,600,89850,Prim (+konversi),3,0.156637,2423168
padat,600,89850,Borůvka,3,0.500795,2423168
padat,600,89850,Kruskal,4,0.167392,2423168
padat,600,89850,Prim,4,0.105619,2423168
padat,600,89850,Prim (+konversi),4,0.154910,2423168
padat,600,89850,Borůvka,4,0.526388,2423168
padat,600,89850,Kruskal,5,0.154827,2423168
padat,600,89850,Prim,5,0.109069,2423168
padat,600,89850,Prim (+konversi),5,0.162872,2423168
padat,600,89850,Borůvka,5,0.522318,2423168
padat,800,159800,Kruskal,1,0.468092,2335064
padat,800,159800,Prim,1,0.270428,2335064
padat,800,159800,Prim (+konversi),1,0.406233,2335064
padat,800,159800,Borůvka,1,1.574852,2335064
padat,800,159800,Kruskal,2,0.411868,2335064
padat,800,159800,Prim,2,0.213447,2335064
padat,800,159800,Prim (+konversi),2,0.349892,2335064
padat,800,159800,Borůvka,2,1.264603,2335064
padat,800,159800,Kruskal,3,0.457366,2335064
padat,800,159800,Prim,3,0.313608,2335064
padat,800,159800,Prim (+konversi),3,0.457915,2335064
padat,800,159800,Borůvka,3,1.308745,2335064
padat,800,159800,Kruskal,4,0.340041,2335064
padat,800,159800,Prim,4,0.200047,2335064
padat,800,159800,Prim (+konversi),4,0.340977,2335064
padat,800,159800,Borůvka,4,1.177107,2335064
padat,800,159800,Kruskal,5,0.332803,2335064
padat,800,159800,Prim,5,0.203053,2335064
padat,800,159800,Prim (+konversi),5,0.298439,2335064
padat,800,159800,Borůvka,5,1.402540,2335064
padat,1000,249750,Kruskal,1,0.545683,2389071
padat,1000,249750,Prim,1,0.332767,2389071
padat,1000,249750,Prim (+konversi),1,0.577258,2389071
padat,1000,249750,Borůvka,1,2.103246,2389071
padat,1000,249750,Kruskal,2,0.495827,2389071
padat,1000,249750,Prim,2,0.304969,2389071
padat,1000,249750,Prim (+konversi),2,0.454299,2389071
padat,1000,249750,Borůvka,2,2.122384,2389071
padat,1000,249750,Kruskal,3,0.809546,2389071
padat,1000,249750,Prim,3,0.332269,2389071
padat,1000,249750,Prim (+konversi),3,0.550110,2389071
padat,1000,249750,Borůvka,3,2.022204,2389071
padat,1000,249750,Kruskal,4,0.499831,2389071
padat,1000,249750,Prim,4,0.355993,2389071
padat,1000,249750,Prim (+konversi),4,0.577963,2389071
padat,1000,249750,Borůvka,4,1.925315,2389071
padat,1000,249750,Kruskal,5,0.757548,2389071
padat,1000,249750,Prim,5,0.418262,2389071
padat,1000,249750,Prim (+konversi),5,0.637149,2389071
padat,1000,249750,Borůvka,5,2.155139,2389071
jarang_kembar,4000,12000,Kruskal,1,0.022546,6021
jarang_kembar,4000,12000,Prim,1,0.019254,6021
jarang_kembar,4000,12000,Prim (+konversi),1,0.026276,6021
jarang_kembar,4000,12000,Borůvka,1,0.071296,6021
jarang_kembar,4000,12000,Kruskal,2,0.019520,6021
jarang_kembar,4000,12000,Prim,2,0.019845,6021
jarang_kembar,4000,12000,Prim (+konversi),2,0.028983,6021
jarang_kembar,4000,12000,Borůvka,2,0.072681,6021
jarang_kembar,4000,12000,Kruskal,3,0.020988,6021
jarang_kembar,4000,12000,Prim,3,0.020431,6021
jarang_kembar,4000,12000,Prim (+konversi),3,0.028574,6021
jarang_kembar,4000,12000,Borůvka,3,0.074137,6021
jarang_kembar,4000,12000,Kruskal,4,0.017163,6021
jarang_kembar,4000,12000,Prim,4,0.019609,6021
jarang_kembar,4000,12000,Prim (+konversi),4,0.027921,6021
jarang_kembar,4000,12000,Borůvka,4,0.074237,6021
jarang_kembar,4000,12000,Kruskal,5,0.021381,6021
jarang_kembar,4000,12000,Prim,5,0.024702,6021
jarang_kembar,4000,12000,Prim (+konversi),5,0.034769,6021
jarang_kembar,4000,12000,Borůvka,5,0.085344,6021
jarang_kembar,8000,24000,Kruskal,1,0.046925,12177
jarang_kembar,8000,24000,Prim,1,0.061178,12177
jarang_kembar,8000,24000,Prim (+konversi),1,0.076166,12177
jarang_kembar,8000,24000,Borůvka,1,0.159166,12177
jarang_kembar,8000,24000,Kruskal,2,0.053276,12177
jarang_kembar,8000,24000,Prim,2,0.055895,12177
jarang_kembar,8000,24000,Prim (+konversi),2,0.078025,12177
jarang_kembar,8000,24000,Borůvka,2,0.214315,12177
jarang_kembar,8000,24000,Kruskal,3,0.037366,12177
jarang_kembar,8000,24000,Prim,3,0.042424,12177
jarang_kembar,8000,24000,Prim (+konversi),3,0.056234,12177
jarang_kembar,8000,24000,Borůvka,3,0.159640,12177
jarang_kembar,8000,24000,Kruskal,4,0.038466,12177
jarang_kembar,8000,24000,Prim,4,0.039454,12177
jarang_kembar,8000,24000,Prim (+konversi),4,0.052880,12177
jarang_kembar,8000,24000,Borůvka,4,0.164757,12177
jarang_kembar,8000,24000,Kruskal,5,0.045757,12177
jarang_kembar,8000,24000,Prim,5,0.051577,12177
jarang_kembar,8000,24000,Prim (+konversi),5,0.072679,12177
jarang_kembar,8000,24000,Borůvka,5,0.176068,12177
jarang_kembar,16000,48000,Kruskal,1,0.108795,24313
jarang_kembar,16000,48000,Prim,1,0.105492,24313
jarang_kembar,16000,48000,Prim (+konversi),1,0.135737,24313
jarang_kembar,16000,48000,Borůvka,1,0.373237,24313
jarang_kembar,16000,48000,Kruskal,2,0.105652,24313
jarang_kembar,16000,48000,Prim,2,0.106550,24313
jarang_kembar,16000,48000,Prim (+konversi),2,0.135980,24313
jarang_kembar,16000,48000,Borůvka,2,0.475266,24313
jarang_kembar,16000,48000,Kruskal,3,0.218560,24313
jarang_kembar,16000,48000,Prim,3,0.248373,24313
jarang_kembar,16000,48000,Prim (+konversi),3,0.339862,24313
jarang_kembar,16000,48000,Borůvka,3,0.611370,24313
jarang_kembar,16000,48000,Kruskal,4,0.147969,24313
jarang_kembar,16000,48000,Prim,4,0.127623,24313
jarang_kembar,16000,48000,Prim (+konversi),4,0.178232,24313
jarang_kembar,16000,48000,Borůvka,4,0.526118,24313
jarang_kembar,16000,48000,Kruskal,5,0.162434,24313
jarang_kembar,16000,48000,Prim,5,0.149371,24313
jarang_kembar,16000,48000,Prim (+konversi),5,0.202996,24313
jarang_kembar,16000,48000,Borůvka,5,0.518375,24313
jarang_kembar,32000,96000,Kruskal,1,0.354735,49002
jarang_kembar,32000,96000,Prim,1,0.243074,49002
jarang_kembar,32000,96000,Prim (+konversi),1,0.352017,49002
jarang_kembar,32000,96000,Borůvka,1,0.879993,49002
jarang_kembar,32000,96000,Kruskal,2,0.358015,49002
jarang_kembar,32000,96000,Prim,2,0.413313,49002
jarang_kembar,32000,96000,Prim (+konversi),2,0.520044,49002
jarang_kembar,32000,96000,Borůvka,2,1.210064,49002
jarang_kembar,32000,96000,Kruskal,3,0.344544,49002
jarang_kembar,32000,96000,Prim,3,0.385700,49002
jarang_kembar,32000,96000,Prim (+konversi),3,0.494291,49002
jarang_kembar,32000,96000,Borůvka,3,0.932112,49002
jarang_kembar,32000,96000,Kruskal,4,0.236894,49002
jarang_kembar,32000,96000,Prim,4,0.286859,49002
jarang_kembar,32000,96000,Prim (+konversi),4,0.364934,49002
jarang_kembar,32000,96000,Borůvka,4,0.907092,49002
jarang_kembar,32000,96000,Kruskal,5,0.241448,49002
jarang_kembar,32000,96000,Prim,5,0.291004,49002
jarang_kembar,32000,96000,Prim (+konversi),5,0.360374,49002
jarang_kembar,32000,96000,Borůvka,5,1.132399,49002
jarang_kembar,64000,192000,Kruskal,1,0.758206,97728
jarang_kembar,64000,192000,Prim,1,0.635332,97728
jarang_kembar,64000,192000,Prim (+konversi),1,1.224211,97728
jarang_kembar,64000,192000,Borůvka,1,2.179012,97728
jarang_kembar,64000,192000,Kruskal,2,0.617003,97728
jarang_kembar,64000,192000,Prim,2,0.825398,97728
jarang_kembar,64000,192000,Prim (+konversi),2,1.105462,97728
jarang_kembar,64000,192000,Borůvka,2,2.064909,97728
jarang_kembar,64000,192000,Kruskal,3,0.566782,97728
jarang_kembar,64000,192000,Prim,3,1.047474,97728
jarang_kembar,64000,192000,Prim (+konversi),3,1.303981,97728
jarang_kembar,64000,192000,Borůvka,3,2.651219,97728
jarang_kembar,64000,192000,Kruskal,4,0.695582,97728
jarang_kembar,64000,192000,Prim,4,0.656420,97728
jarang_kembar,64000,192000,Prim (+konversi),4,1.112221,97728
jarang_kembar,64000,192000,Borůvka,4,2.140102,97728
jarang_kembar,64000,192000,Kruskal,5,0.526160,97728
jarang_kembar,64000,192000,Prim,5,0.646239,97728
jarang_kembar,64000,192000,Prim (+konversi),5,1.102442,97728
jarang_kembar,64000,192000,Borůvka,5,2.460679,97728
