skenario,algoritma,n,m,rasio
jarang,Kruskal,4000,12000,1.0
jarang,Kruskal,8000,24000,1.145
jarang,Kruskal,16000,48000,1.689
jarang,Kruskal,32000,96000,1.527
jarang,Kruskal,64000,192000,1.737
jarang,Prim,4000,12000,1.0
jarang,Prim,8000,24000,1.105
jarang,Prim,16000,48000,1.325
jarang,Prim,32000,96000,1.652
jarang,Prim,64000,192000,1.781
jarang,Borůvka,4000,12000,1.0
jarang,Borůvka,8000,24000,1.183
jarang,Borůvka,16000,48000,1.438
jarang,Borůvka,32000,96000,1.303
jarang,Borůvka,64000,192000,1.541
padat,Kruskal,200,9950,1.0
padat,Kruskal,400,39900,1.496
padat,Kruskal,600,89850,1.787
padat,Kruskal,800,159800,1.888
padat,Kruskal,1000,249750,2.111
padat,Prim,200,9950,1.0
padat,Prim,400,39900,1.161
padat,Prim,600,89850,1.207
padat,Prim,800,159800,1.298
padat,Prim,1000,249750,1.285
padat,Borůvka,200,9950,1.0
padat,Borůvka,400,39900,1.506
padat,Borůvka,600,89850,1.312
padat,Borůvka,800,159800,1.672
padat,Borůvka,1000,249750,1.541
jarang_kembar,Kruskal,4000,12000,1.0
jarang_kembar,Kruskal,8000,24000,1.231
jarang_kembar,Kruskal,16000,48000,1.12
jarang_kembar,Kruskal,32000,96000,1.268
jarang_kembar,Kruskal,64000,192000,1.597
jarang_kembar,Prim,4000,12000,1.0
jarang_kembar,Prim,8000,24000,1.26
jarang_kembar,Prim,16000,48000,1.081
jarang_kembar,Prim,32000,96000,1.261
jarang_kembar,Prim,64000,192000,1.592
jarang_kembar,Borůvka,4000,12000,1.0
jarang_kembar,Borůvka,8000,24000,1.196
jarang_kembar,Borůvka,16000,48000,1.129
jarang_kembar,Borůvka,32000,96000,1.231
jarang_kembar,Borůvka,64000,192000,1.267
