skenario,n,m,algoritma,rata_rata,simpangan_baku,jumlah_ulangan
jarang,4000,12000,Kruskal,0.0233372,0.004560489853074997,5
jarang,4000,12000,Prim,0.026745,0.007118471430019229,5
jarang,4000,12000,Prim (+konversi),0.037068000000000004,0.007238427591680392,5
jarang,4000,12000,Borůvka,0.0822206,0.004696099211047397,5
jarang,8000,24000,Kruskal,0.07367979999999999,0.029597111745911963,5
jarang,8000,24000,Prim,0.07944599999999999,0.03737868109631478,5
jarang,8000,24000,Prim (+konversi),0.110559,0.04898743498592266,5
jarang,8000,24000,Borůvka,0.23669500000000002,0.04424612692089558,5
jarang,16000,48000,Kruskal,0.1109436,0.027666648745375718,5
jarang,16000,48000,Prim,0.1404612,0.03493298979045452,5
jarang,16000,48000,Prim (+konversi),0.17883860000000001,0.040877748480071655,5
jarang,16000,48000,Borůvka,0.4756678,0.0670396766676272,5
jarang,32000,96000,Kruskal,0.27278440000000004,0.04399427900079736,5
jarang,32000,96000,Prim,0.34460799999999997,0.07647930637760779,5
jarang,32000,96000,Prim (+konversi),0.4367026,0.06961848993837773,5
jarang,32000,96000,Borůvka,1.3349354,0.6193599073836633,5
jarang,64000,192000,Kruskal,0.7192062,0.09975033387262419,5
jarang,64000,192000,Prim,0.9588218,0.12783984692653538,5
jarang,64000,192000,Prim (+konversi),1.3844584,0.22969203459480259,5
jarang,64000,192000,Borůvka,3.327509,0.6622897683201061,5
padat,200,9950,Kruskal,0.0098494,0.0025460109583424814,5
padat,200,9950,Prim,0.0094444,0.0018769786359998885,5
padat,200,9950,Prim (+konversi),0.015093200000000001,0.001891467736970419,5
padat,200,9950,Borůvka,0.038741000000000005,0.0016368579657380176,5
padat,400,39900,Kruskal,0.061082199999999996,0.012094578442426174,5
padat,400,39900,Prim,0.0447698,0.00794508154143178,5
padat,400,39900,Prim (+konversi),0.07006860000000001,0.012809358270420889,5
padat,400,39900,Borůvka,0.21952739999999998,0.015234962924142616,5
padat,600,89850,Kruskal,0.19486759999999997,0.046095349150429496,5
padat,600,89850,Prim,0.12686519999999998,0.028169495171195377,5
padat,600,89850,Prim (+konversi),0.1963528,0.05306899386364885,5
padat,600,89850,Borůvka,0.550227,0.047882173807169665,5
padat,800,159800,Kruskal,0.402034,0.06355718007039017,5
padat,800,159800,Prim,0.24011659999999999,0.05002578759300047,5
padat,800,159800,Prim (+konversi),0.3706912,0.062062733666831016,5
padat,800,159800,Borůvka,1.3455694,0.15174595093873186,5
padat,1000,249750,Kruskal,0.621687,0.15017943230848887,5
padat,1000,249750,Prim,0.348852,0.04280240292320048,5
padat,1000,249750,Prim (+konversi),0.5593558,0.06678494341316762,5
padat,1000,249750,Borůvka,2.0656576,0.0924958836181373,5
jarang_kembar,4000,12000,Kruskal,0.0203196,0.0020696418289162977,5
jarang_kembar,4000,12000,Prim,0.0207682,0.002240386730008907,5
jarang_kembar,4000,12000,Prim (+konversi),0.029304600000000004,0.0032242688008291115,5
jarang_kembar,4000,12000,Borůvka,0.075539,0.005611818911903694,5
jarang_kembar,8000,24000,Kruskal,0.044357999999999995,0.00655135753107705,5
jarang_kembar,8000,24000,Prim,0.05010560000000001,0.0090931811430324,5
jarang_kembar,8000,24000,Prim (+konversi),0.0671968,0.01175696311553285,5
jarang_kembar,8000,24000,Borůvka,0.1747892,0.02312007715601313,5
jarang_kembar,16000,48000,Kruskal,0.148682,0.046138688825106425,5
jarang_kembar,16000,48000,Prim,0.1474818,0.059193603553931405,5
jarang_kembar,16000,48000,Prim (+konversi),0.1985614,0.08405674661084618,5
jarang_kembar,16000,48000,Borůvka,0.5008732,0.08674659068632035,5
jarang_kembar,32000,96000,Kruskal,0.3071272,0.062254613135895386,5
jarang_kembar,32000,96000,Prim,0.32399,0.07211260091343258,5
jarang_kembar,32000,96000,Prim (+konversi),0.41833200000000004,0.08173624657702355,5
jarang_kembar,32000,96000,Borůvka,1.012332,0.14877696834019705,5
jarang_kembar,64000,192000,Kruskal,0.6327466,0.09440370918984065,5
jarang_kembar,64000,192000,Prim,0.7621726000000001,0.17755780035751742,5
jarang_kembar,64000,192000,Prim (+konversi),1.1696634,0.0907700722060967,5
jarang_kembar,64000,192000,Borůvka,2.2991842,0.24730671451802513,5
